Alex Ionescu <alex.i.ionescu@oracle.com>
Andrea Rosa <andrea.rosa@oracle.com>
Andrew Jones <andrew.h.jones@oracle.com>
Atul <atul.p.pandey@oracle.com>
Bhashkarjya Nath <bhashkarjya.n.nath@oracle.com>
CI <ci@fnproject.com>
Dario Domizioli <dario.domizioli@gmail.com>
Denis Makogon <denys.makogon@oracle.com>
Denis Makogon <lildee1991@gmail.com>
Gaurav Saini <13430334+metamemelord@users.noreply.github.com>
Gaurav Saini <gaurav.s.saini@oracle.com>
Harry Smith <33180538+harryjsmith@users.noreply.github.com>
Harsh Pai <harsh.pai@oracle.com>
Harsh Pai <harshumeshpai@gmail.com>
Harvey Lowndes <harvey.lowndes@oracle.com>
Isaac Lipszyc <40356997+isaaclipszyc@users.noreply.github.com>
Isaac Lipszyc <iclipszy@iclipszy-mac.mynet>
Isaac Lipszyc <isaac.lipszyc@outlook.com>
Matt Curtis <matt.curtis@oracle.com>
Matt Curtis <matt.r.curtis@gmail.com>
Nisha Lad <nishalad95@gmail.com>
Owen Cliffe <owen.cliffe@oracle.com>
PREETI MISRA <preeti.misra@oracle.com>
Paul Felix <paul.eric.felix@gmail.com>
Preeti Misra <83451268+Preeti-Misra@users.noreply.github.com>
Reed Allman <reed@rdallman.com>
Richard Connon <richard.connon@oracle.com>
Rishabh Srivastav <rishabh.srivastav@oracle.com>
Rohit Kumar <51381847+roroco@users.noreply.github.com>
Rohit Kumar <rohit.ro.kumar@oracle.com>
Roneet Shaw <roneet.kumar.shaw@gmail.com>
Roneet Shaw <roneet.shaw@oracle.com>
Shreya Garge <31314623+shreyagarge@users.noreply.github.com>
Sudhindra A <sudhindra.a@oracle.com>
Suman Behera <suman.b.behera@oracle.com>
Sunny Sethi <sunny.sethi@oracle.com>
Tomas Knappek <kppk@users.noreply.github.com>
Tomas Knappek <tomas.knappek@gmail.com>
Travis Reeder <treeder@gmail.com>
jan grant <3430517+jan-g@users.noreply.github.com>
jan grant <jan.grant@oracle.com>
smyla <srinivas.myla@oracle.com>
viklnu <vikash.lnu@oracle.com>
